Habitat,Denitrification Rate (kg N/ac/yr),Source
Mangrove Forests,4.05,"Nedwell et al., 1994; Rivera-Monroy and Twilley, 1996;
Kristensen et al., 1998; Corredor et al., 1999"
Salt Marshes,16.19,"Morris, 1991; Wigand et al., 2003; Seitzinger et al., 2006;
Craft et al., 2009"
Oyster Reefs,32.29,"Grabowski et al., 2012; Cornwell et al., 2019; Lai et al., 2020"
Seagrasses,36.44,"Welsh et al., 2001; Eyre and Ferguson, 2002"
Freshwater Wetlands,26.77,"Neubauer et al., 2005; Craft and Schubauer-Berigan, 2006; Widney et al., 2017 "
