Habitat,Total acres,Denitrification rate (kg N/ac/yr),Annual denitrification (kg N/yr),Total annual value of  denitrification services,Per-acre value of annual denitrification services 
Mangrove Forests,15584.37,4.05,63116.71417,6178199.754,396.4355454
Salt Marshes,4591.19,16.19,74331.40578,7275953.429,1584.763328
Oyster Bars,189.96,32.29,6133.818087,600410.7453,3160.716978
Seagrasses,34018,36.44,1239615.92,121340200.8,3566.941055
Freshwater Wetlands,221004.4021,26.77,5916287.845,579117728,2620.390012
Total,275387.9288,,7299485.703,714512492.8,
