Habitat,Carbon sequestration rate tonnes C/ha/yr,Converted carbon sequestration rate tonnes CO2/ac/yr,Source,Rate of carbon stock in vegetation and soil tonnes C/ha,"Converted rate of carbon stock in vegetation and soil (tonnes CO2/ac)
tonnes CO2/ac",Source
Mangrove Forests,1.5,2.23,"Gonneea, 2016",205,304.2,"Moyer et al., 2016"
Salt Marshes,1.6,2.37,"Moyer et al., 2016; derived  from restoration sites only",72.59,107.71,"Moyer et al., 2016"
Pine Flatwoods,0.22,0.33,"Villa and Mitsch, 2015",167.5,248.55,"Becker, 2011, average of longleaf pine and slash pine flatwoods"
Seagrasses,0.64,0.95,"MacLeod et al., 2013; Duarte et al., 2005; Fourqurean et al., 2012; Greiner et al., 2013; Chiua et al., 2013",110.2,163.52,"Zieman and Wetzel, 1980; IPCC, 2014"
Freshwater Wetlands,1.5,2.23,"Moyer et al., 2016",115.97,172.09,"Mulkey et al., 2008; IPCC, 2014"
Shrub and Brushland,0.24,0.36,"Kroodsma and Field, 2006, value for
vineyards, which are similarly
woody",72.95,108.25,"Hobbs and Mooney, 1986, biomass for
3 to 6 year-old shrubs, assume 80%
cover; Mulkey et al., 2008; IPCC, 2014"
