Habitat,Present quantity of carbon stocks  (tonnes CO2),Annual carbon sequestered  (tonnes CO2/yr),Total annual value of carbon sequestration,Per acre value of annual carbon sequestration
Mangrove Forests,4740786.293,34688.00335,3044912.934,195.3824363
Salt Marshes,494539.4928,10900.44343,956840.9241,208.407932
Pine Flatwoods,6708421.553,8811.061145,773434.9473,28.65609065
Seagrasses,5562743.774,32306.31593,2835848.412,83.3631728
Freshwater Wetlands,38031658.66,491915.9092,43180378.51,195.3824363
Shrub and Brushland,5196718.988,17096.81367,1500758.304,31.2611898
Total,60734868.76,595718.5468,52292174.04,
