Habitat,Total acres,Annual carbon sequestered in Tampa Bay watershed (tonnes CO2/yr),SCC value of annual carbon sequestration,RGGI value of annual carbon sequestration,WCI value of annual carbon sequestration
Mangrove Forests,"$15,584.37 ",34688.00335,3044912.934,283009.4327,682701.5315
Salt Marshes,"$4,591.19 ",10900.44343,956840.9241,88933.57969,214533.8072
Pine Flatwoods,"$26,990.25 ",8811.061145,773434.9473,71886.91118,173412.2566
Seagrasses,34018,32306.31593,2835848.412,263577.9307,635827.0651
Freshwater Wetlands,221004.4021,491915.9092,43180378.51,4013400.281,9681495.393
