Market pricing scheme,2020 market price dollar/metric ton,2020 market price inflated to 2022 dollar/metric ton,Habitat,Total Acres,Rate of carbon sequestration (tonnes C/ha/yr),Converted rate of carbon sequestration tonnes (CO2/ac/yr),Literature source for carbon sequestration rates,SCC per acre value of annual carbon sequestration (dollar/acre),Total annual carbon sequestered in Tampa Bay watershed (tonnes CO2/yr),RGGI value of carbon sequestered each year in dollars,WCI value of carbon sequestered each year in dollars,SCC value of carbon sequestered each year in dollars,Rate of carbon stock in vegetation and soil (tonnes C/ha),"Converted rate of carbon stock in vegetation and soil (tonnes CO2/ac)
tonnes CO2/ac",Literature source for carbon stock rates,SCC per acre value of carbon stock (dollar/acre),Present Quantity of Carbon Stocks in Tampa Bay Watershed (tonnes CO2),SCC value of Current Carbon Stock in dollars
Regional Greenhouse Gas Initiative (RGGI),7.06,8.16,Mangrove Forests,15584.37,1.5,2.23,"Gonneea, 2016",195.38,34688,283009.43,682701.53,3044912.93,205,304.2,"Moyer et al., 2016",26702.79,4740786.29,416146220.8
Western Climate Initiative (WCI),17.04,19.68,Salt Marshes,4591.19,1.6,2.37,"Moyer et al., 2016; derived  from restoration sites only",208.41,10900.44,88933.58,214533.81,956840.92,72.59,107.71,"Moyer et al., 2016",9455.21,494539.49,43410676.68
Social Cost of Carbon (SCC) ,76,87.78,Pine Flatwoods,26990.25,0.22,0.33,"Villa and Mitsch, 2015",28.66,8811.06,71886.91,173412.26,773434.95,167.5,248.55,"Becker, 2011, average of longleaf pine and slash pine flatwoods",21817.71,6708421.55,588865244
,,,Seagrasses,34018,0.64,0.95,"MacLeod et al., 2013; Duarte et al., 2005; Fourqurean et al., 2012; Greiner et al., 2013; Chiua et al., 2013",83.36,32306.32,263577.93,635827.07,2835848.41,110.2,163.52,"Zieman and Wetzel, 1980; IPCC, 2014",14354.1,5562743.77,488297648.5
,,,Freshwater Wetlands,221004.4,1.5,2.23,"Moyer et al., 2016",195.38,491915.91,4013400.28,9681495.39,43180378.51,115.97,172.09,"Mulkey et al., 2008; IPCC, 2014",15105.67,38031658.66,3338418997
,,,Shrub and Brushland,48007.08,0.24,0.36,"Kroodsma and Field, 2006, value for
vineyards, which are similarly
woody",31.26,17096.81,139487.98,336485.81,1500758.3,72.95,108.25,"Hobbs and Mooney, 1986, biomass for
3 to 6 year-old shrubs, assume 80%
cover; Mulkey et al., 2008; IPCC, 2014",9502.1,5196718.99,456167992.8
,,,Total,350195.29,,,,,595718.55,4860296.12,11724455.86,52292174.04,,,,,60734868.76,5331306780
