2019 NC Average Offset Rate (dollar/lb),2019 Average Rate (dollar/kg),2022 Adjusted Rate (dollar/kg),Habitat,Acres,Denitrification Rate (kg N/ac/yr),Source,Value of denitrification services per acre (dollar/ac/yr),Annual denitrification (kg N/yr),Total annual value of  denitrification services
37.69,83.09,97.89,Mangrove Forests,15584.37,4.05,"Nedwell et al., 1994; Rivera-Monroy and Twilley, 1996;
Kristensen et al., 1998; Corredor et al., 1999",396.44,"63,116.71",6178199.754
,,,Salt Marshes,4591.19,16.19,"Morris, 1991; Wigand et al., 2003; Seitzinger et al., 2006;
Craft et al., 2009",1584.76,"74,331.41",7275953.429
,,,Oyster Reefs,189.96,32.29,"Grabowski et al., 2012; Cornwell et al., 2019; Lai et al., 2020",3160.72,"6,133.82",600410.7453
,,,Seagrasses,34018,36.44,"Welsh et al., 2001; Eyre and Ferguson, 2002",3566.94,"1,239,615.92",121340200.8
,,,Freshwater Wetlands,221004.4,26.77,"Neubauer et al., 2005; Craft and Schubauer-Berigan, 2006; Widney et al., 2017 ",2620.39,"5,916,287.85",579117728
,,,Total,275387.93,,,,"7,299,485.70",714512492.8
