 Industry Description, Employment,Personal Income ($Millions), Output ($Millions)
Construction of other new nonresidential structures,"8,435",$389,"$1,352"
Maintenance and repair construction of nonresidential structures,"8,587",$394,"$2,032"
"Maintenance and repair construction of highways, streets, bridges, and tunnels","1,503",$71,$360
"Architectural, engineering, and related services","20,955","$1,616","$3,538"
Landscape and horticultural services,"13,650",$447,"$1,125"
Total,"53,130","$2,917","$8,407"
