 Industry Description, Employment,Personal Income ($Millions), Output ($Millions)
Grain farming,2,$0,$0
Vegetable and melon farming,"2,680",$59,$312
Fruit farming,"3,956",$63,$305
Tree nut farming,2,$0,$0
"Greenhouse, nursery, and floriculture production","2,247",$69,$208
All other crop farming,543,$3,$6
"Beef cattle ranching and farming, including feedlots and dual-purpose ranching and farming",216,$1,$36
Dairy cattle and milk production,67,$2,$36
Poultry and egg production,33,$2,$11
"Animal production, except cattle and poultry and eggs",231,$4,$34
"Forestry, forest products, and timber tract production",95,$6,$9
Commercial logging,95,$6,$11
Commercial fishing,234,$3,$45
Commercial hunting and trapping,12,$0,$8
Support activities for agriculture and forestry,"7,219",$167,$240
Canned fruits and vegetables manufacturing,899,$90,$553
Seafood product preparation and packaging,689,$32,$285
Total,"19,219",$506,"$2,099"
