Habitat,Annual carbon sequestration rates (tonnes CO2/ac/yr),Value of annual carbon sequestered per acre ($/acre),Carbon stock in vegetation and soil rates (tonnes CO2/ac),Value of carbon stock per acre ($/acre)
Mangrove Forests,$2.23 ,195.3824363,304.2,26702.78731
Salt Marshes,$2.37 ,208.407932,107.71,9455.207365
Pine Flatwoods,$0.33 ,28.65609065,248.55,21817.70538
Seagrasses,0.95,83.3631728,163.52,14354.09632
Freshwater Wetlands,2.23,195.3824363,172.09,15105.66742
Shrub and Brushland,0.36,31.2611898,108.25,9502.09915
